<!--
  ~ Embedded Jopr Project
  ~ Copyright (C) 2006-2011 Red Hat, Inc.
  ~ All rights reserved.
  ~
  ~ This program is free software; you can redistribute it and/or modify
  ~ it under the terms of the GNU Lesser General Public License as
  ~ published by the Free Software Foundation; either version 2.1 of
  ~ the License, or (at your option) any later version.
  ~
  ~ This program is distributed in the hope that it will be useful,
  ~ but WITHOUT ANY WARRANTY; without even the implied warranty of
  ~ MERCHANTABILITY or FITNESS FOR A PARTICULAR PURPOSE. See the GNU
  ~ Lesser General Public License for more details.
  ~
  ~ You should have received a copy of the GNU Lesser General Public
  ~ License along with this program; if not, write to the Free Software
  ~ Foundation, Inc., 675 Mass Ave, Cambridge, MA 02139, USA.
  -->
<exceptions>
    <!-- Authorization Exceptions -->
    <exception class="org.jboss.seam.security.NotLoggedInException">
        <redirect view-id="/login.xhtml">
        </redirect>
    </exception>
    <exception class="org.jboss.seam.security.AuthorizationException">
        <end-conversation/>
        <redirect view-id="/login.xhtml">
            <message>You must be logged in to perform this action.</message>
        </redirect>
    </exception>

    <!-- Session Expiration Exceptions -->
    <exception class="javax.faces.application.ViewExpiredException">
        <redirect view-id="/login.xhtml">
            <message>The session has expired. Please log in again.</message>
        </redirect>
    </exception>

    <!-- Catch-all for all other Exceptions-->
    <exception class="java.lang.Exception">
        <end-conversation/>
        <redirect view-id="/error.xhtml">
        </redirect>
    </exception>
</exceptions>
