<?xml version="1.0"?>

<!DOCTYPE jboss-web PUBLIC
        "-//JBoss//DTD Web Application 5.0//EN"
        "http://www.jboss.org/j2ee/dtd/jboss-web_5_0.dtd">

<!--
  ~ Embedded Jopr Project
  ~ Copyright (C) 2006-2009 Red Hat, Inc.
  ~ All rights reserved.
  ~
  ~ This program is free software; you can redistribute it and/or modify
  ~ it under the terms of the GNU Lesser General Public License as
  ~ published by the Free Software Foundation; either version 2.1 of
  ~ the License, or (at your option) any later version.
  ~
  ~ This program is distributed in the hope that it will be useful,
  ~ but WITHOUT ANY WARRANTY; without even the implied warranty of
  ~ MERCHANTABILITY or FITNESS FOR A PARTICULAR PURPOSE. See the GNU
  ~ Lesser General Public License for more details.
  ~
  ~ You should have received a copy of the GNU Lesser General Public
  ~ License along with this program; if not, write to the Free Software
  ~ Foundation, Inc., 675 Mass Ave, Cambridge, MA 02139, USA.
  -->
<jboss-web>

    <class-loading>
        <loader-repository>
            org.jboss.on:loader=embedded
            <loader-repository-config>java2ParentDelegation=false</loader-repository-config>
        </loader-repository>
    </class-loading>

    <security-domain>java:/jaas/jmx-console</security-domain>

    <context-root>admin-console</context-root>

</jboss-web>
