<?xml version="1.0"?>

<!--
  ~ Embedded Jopr Project
  ~ Copyright (C) 2006-2009 Red Hat, Inc.
  ~ All rights reserved.
  ~
  ~ This program is free software; you can redistribute it and/or modify
  ~ it under the terms of the GNU Lesser General Public License as
  ~ published by the Free Software Foundation; either version 2.1 of
  ~ the License, or (at your option) any later version.
  ~
  ~ This program is distributed in the hope that it will be useful,
  ~ but WITHOUT ANY WARRANTY; without even the implied warranty of
  ~ MERCHANTABILITY or FITNESS FOR A PARTICULAR PURPOSE. See the GNU
  ~ Lesser General Public License for more details.
  ~
  ~ You should have received a copy of the GNU Lesser General Public
  ~ License along with this program; if not, write to the Free Software
  ~ Foundation, Inc., 675 Mass Ave, Cambridge, MA 02139, USA.
  -->
<!DOCTYPE facelet-taglib PUBLIC
        "-//Sun Microsystems, Inc.//DTD Facelet Taglib 1.0//EN"
        "http://java.sun.com/dtd/facelet-taglib_1_0.dtd">

<facelet-taglib>

    <namespace>http://jboss.org/on/component</namespace>

    <tag>
        <tag-name>config</tag-name>
        <component>
            <component-type>org.jboss.on.Config</component-type>
            <renderer-type>org.jboss.on.Config</renderer-type>
        </component>
    </tag>

</facelet-taglib>
