<?xml version="1.0" encoding="UTF-8"?>

<!-- $Id: ra.xml 71556 2008-04-01 13:39:35Z adrian@jboss.org $ -->

<connector xmlns="http://java.sun.com/xml/ns/j2ee"
           xmlns:xsi="http://www.w3.org/2001/XMLSchema-instance"
           xsi:schemaLocation="http://java.sun.com/xml/ns/j2ee
           http://java.sun.com/xml/ns/j2ee/connector_1_5.xsd"
           version="1.5">

   <description>Quartz Inflow Resource Adapter</description>
   <display-name>Quartz Adapter</display-name>

   <vendor-name>Red Hat Middleware LLC</vendor-name>
   <eis-type>Quartz Adapter</eis-type>
   <resourceadapter-version>5.0</resourceadapter-version>

   <license>
      <description>
 JBoss, Home of Professional Open Source.
 Copyright 2006, Red Hat Middleware LLC, and individual contributors
 as indicated by the @author tags. See the copyright.txt file in the
 distribution for a full listing of individual contributors.

 This is free software; you can redistribute it and/or modify it
 under the terms of the GNU Lesser General Public License as
 published by the Free Software Foundation; either version 2.1 of
 the License, or (at your option) any later version.

 This software is distributed in the hope that it will be useful,
 but WITHOUT ANY WARRANTY; without even the implied warranty of
 MERCHANTABILITY or FITNESS FOR A PARTICULAR PURPOSE. See the GNU
 Lesser General Public License for more details.

 You should have received a copy of the GNU Lesser General Public
 License along with this software; if not, write to the Free
 Software Foundation, Inc., 51 Franklin St, Fifth Floor, Boston, MA
 02110-1301 USA, or see the FSF site: http://www.fsf.org.
      </description>
      <license-required>true</license-required>
   </license>

   <resourceadapter>
      <resourceadapter-class>org.jboss.resource.adapter.quartz.inflow.QuartzResourceAdapter</resourceadapter-class>

      <inbound-resourceadapter>
         <messageadapter>        
            <messagelistener>
               <messagelistener-type>org.quartz.Job</messagelistener-type>
               <activationspec>
                  <activationspec-class>org.jboss.resource.adapter.quartz.inflow.QuartzActivationSpec</activationspec-class>
                  <required-config-property>
                      <config-property-name>cronTrigger</config-property-name>
                  </required-config-property>
               </activationspec>
            </messagelistener>
            <messagelistener>
               <messagelistener-type>org.quartz.StatefulJob</messagelistener-type>
               <activationspec>
                  <activationspec-class>org.jboss.resource.adapter.quartz.inflow.QuartzActivationSpec</activationspec-class>
                  <required-config-property>
                      <config-property-name>cronTrigger</config-property-name>
                  </required-config-property>
               </activationspec>
            </messagelistener>
         </messageadapter>
      </inbound-resourceadapter>

   </resourceadapter>
</connector>
